timestamp_utc,timestamp_local,http_status,state
2026-09-15T12:13:35Z,2026-09-15T15:13:35+03:00,200,CLOSED
2026-09-15T15:43:54Z,2026-09-15T18:43:54+03:00,200,CLOSED
2026-09-15T15:44:15Z,2026-09-15T18:44:15+03:00,200,CLOSED
2026-09-15T15:44:36Z,2026-09-15T18:44:36+03:00,200,CLOSED
2026-09-15T15:44:57Z,2026-09-15T18:44:57+03:00,200,CLOSED
2026-09-15T15:45:19Z,2026-09-15T18:45:19+03:00,200,CLOSED
2026-09-15T15:45:40Z,2026-09-15T18:45:40+03:00,200,CLOSED
2026-09-15T15:46:01Z,2026-09-15T18:46:01+03:00,200,CLOSED
2026-09-15T15:46:23Z,2026-09-15T18:46:23+03:00,200,CLOSED
2026-09-15T15:46:44Z,2026-09-15T18:46:44+03:00,200,CLOSED
2026-09-15T15:47:05Z,2026-09-15T18:47:05+03:00,200,CLOSED
2026-09-15T15:47:27Z,2026-09-15T18:47:27+03:00,200,CLOSED
2026-09-15T15:47:48Z,2026-09-15T18:47:48+03:00,200,CLOSED
2026-09-15T15:48:09Z,2026-09-15T18:48:09+03:00,200,CLOSED
2026-09-15T15:48:31Z,2026-09-15T18:48:31+03:00,200,CLOSED
2026-09-15T15:48:52Z,2026-09-15T18:48:52+03:00,200,CLOSED
2026-09-15T15:49:13Z,2026-09-15T18:49:13+03:00,200,CLOSED
2026-09-15T15:49:35Z,2026-09-15T18:49:35+03:00,200,CLOSED
2026-09-15T15:49:56Z,2026-09-15T18:49:56+03:00,200,CLOSED
2026-09-15T15:50:17Z,2026-09-15T18:50:17+03:00,200,CLOSED
2026-09-15T15:50:39Z,2026-09-15T18:50:39+03:00,200,CLOSED
2026-09-15T15:51:00Z,2026-09-15T18:51:00+03:00,200,CLOSED
2026-09-15T15:51:21Z,2026-09-15T18:51:21+03:00,200,CLOSED
2026-09-15T15:51:43Z,2026-09-15T18:51:43+03:00,200,CLOSED
2026-09-15T15:52:04Z,2026-09-15T18:52:04+03:00,200,CLOSED
2026-09-15T15:52:25Z,2026-09-15T18:52:25+03:00,200,CLOSED
2026-09-15T15:52:47Z,2026-09-15T18:52:47+03:00,200,CLOSED
2026-09-15T15:53:08Z,2026-09-15T18:53:08+03:00,200,CLOSED
2026-09-15T15:53:30Z,2026-09-15T18:53:30+03:00,200,CLOSED
2026-09-15T15:53:51Z,2026-09-15T18:53:51+03:00,200,CLOSED
2026-09-15T15:54:12Z,2026-09-15T18:54:12+03:00,200,CLOSED
2026-09-15T15:54:34Z,2026-09-15T18:54:34+03:00,200,CLOSED
2026-09-15T15:54:55Z,2026-09-15T18:54:55+03:00,200,CLOSED
2026-09-15T15:55:16Z,2026-09-15T18:55:16+03:00,200,CLOSED
2026-09-15T15:55:38Z,2026-09-15T18:55:38+03:00,200,CLOSED
2026-09-15T15:55:59Z,2026-09-15T18:55:59+03:00,200,CLOSED
2026-09-15T15:56:21Z,2026-09-15T18:56:21+03:00,200,CLOSED
2026-09-15T15:56:42Z,2026-09-15T18:56:42+03:00,200,CLOSED
2026-09-15T15:57:03Z,2026-09-15T18:57:03+03:00,200,CLOSED
2026-09-15T15:57:25Z,2026-09-15T18:57:25+03:00,200,CLOSED
2026-09-15T15:57:46Z,2026-09-15T18:57:46+03:00,200,CLOSED
2026-09-15T15:58:08Z,2026-09-15T18:58:08+03:00,200,CLOSED
2026-09-15T15:58:29Z,2026-09-15T18:58:29+03:00,200,CLOSED
2026-09-15T15:58:50Z,2026-09-15T18:58:50+03:00,200,CLOSED
2026-09-15T15:59:12Z,2026-09-15T18:59:12+03:00,200,CLOSED
2026-09-15T15:59:33Z,2026-09-15T18:59:33+03:00,200,CLOSED
2026-09-15T15:59:54Z,2026-09-15T18:59:54+03:00,200,CLOSED
2026-09-15T16:00:16Z,2026-09-15T19:00:16+03:00,200,CLOSED
2026-09-15T16:00:37Z,2026-09-15T19:00:37+03:00,200,CLOSED
2026-09-15T16:00:59Z,2026-09-15T19:00:59+03:00,200,CLOSED
2026-09-15T16:01:20Z,2026-09-15T19:01:20+03:00,200,CLOSED
2026-09-15T16:01:42Z,2026-09-15T19:01:42+03:00,200,CLOSED
2026-09-15T16:02:03Z,2026-09-15T19:02:03+03:00,200,CLOSED
2026-09-15T16:02:24Z,2026-09-15T19:02:24+03:00,200,CLOSED
2026-09-15T16:02:46Z,2026-09-15T19:02:46+03:00,200,CLOSED
2026-09-15T16:03:07Z,2026-09-15T19:03:07+03:00,200,CLOSED
2026-09-15T16:03:29Z,2026-09-15T19:03:29+03:00,200,CLOSED
2026-09-15T16:03:50Z,2026-09-15T19:03:50+03:00,200,CLOSED
2026-09-15T16:04:11Z,2026-09-15T19:04:11+03:00,200,CLOSED
2026-09-15T16:04:33Z,2026-09-15T19:04:33+03:00,200,CLOSED
2026-09-15T16:04:54Z,2026-09-15T19:04:54+03:00,200,CLOSED
2026-09-15T16:05:15Z,2026-09-15T19:05:15+03:00,200,CLOSED
2026-09-15T16:05:37Z,2026-09-15T19:05:37+03:00,200,CLOSED
2026-09-15T16:05:58Z,2026-09-15T19:05:58+03:00,200,CLOSED
2026-09-15T19:17:37Z,2026-09-15T22:17:37+03:00,200,CLOSED
